id,first_name,last_name,email,gender,ip_address
1,Lonnie,Peeters,lpeeters0@house.gov,Polygender,37.27.160.229
2,Sigrid,Dupree,sdupree1@wired.com,Agender,206.221.28.35
3,Demetrius,MacNeilly,dmacneilly2@chronoengine.com,Genderfluid,209.61.176.231
4,Madlin,Extall,mextall3@nps.gov,Female,109.94.172.132
5,Felic,Brownbill,fbrownbill4@furl.net,Bigender,27.73.3.252
6,Amalea,Thurstance,athurstance5@qq.com,Polygender,34.44.171.35
7,Siffre,Skingley,sskingley6@goo.gl,Genderfluid,226.191.91.212
8,Solomon,Kidstone,skidstone7@tiny.cc,Non-binary,182.75.248.11
9,Gavan,de Quesne,gdequesne8@cpanel.net,Agender,208.16.198.174
10,Norton,Pardy,npardy9@globo.com,Polygender,59.103.95.13
11,Eliza,Belderfield,ebelderfielda@icio.us,Genderqueer,147.121.79.111
12,Erastus,Haill,ehaillb@go.com,Polygender,48.240.124.219
13,Rivalee,Lowell,rlowellc@bravesites.com,Non-binary,177.164.241.25
14,Issie,Caberas,icaberasd@sourceforge.net,Bigender,215.142.184.172
15,Tedman,Pietruszka,tpietruszkae@stumbleupon.com,Bigender,152.73.119.94
16,Garland,Ebbens,gebbensf@umich.edu,Non-binary,194.26.132.132
17,Trisha,Wilks,twilksg@weibo.com,Non-binary,19.63.95.125
18,Ivor,Nono,inonoh@pbs.org,Non-binary,125.205.178.90
19,Diana,Daily,ddailyi@nature.com,Genderfluid,196.201.68.173
20,Cody,Portwaine,cportwainej@kickstarter.com,Male,245.10.68.100
21,Lulu,Riglar,lriglark@over-blog.com,Male,244.169.3.14
22,Georgie,Roubeix,groubeixl@sfgate.com,Polygender,121.202.174.70
23,Maris,Gidney,mgidneym@smh.com.au,Genderfluid,152.109.118.213
24,Joshia,Gilman,jgilmann@wikia.com,Non-binary,81.20.250.188
25,Emmett,Clair,eclairo@netscape.com,Agender,81.169.200.39
26,Bart,Veighey,bveigheyp@devhub.com,Male,104.121.88.169
27,Tori,Esome,tesomeq@prlog.org,Agender,44.39.66.0
28,Elaina,Rickets,ericketsr@ucoz.ru,Genderqueer,68.219.16.42
29,Janis,Mellings,jmellingss@google.co.jp,Female,221.46.176.230
30,Humfrid,Knibb,hknibbt@cyberchimps.com,Genderqueer,53.76.124.55
31,Carleton,O'Hickey,cohickeyu@paypal.com,Agender,69.15.116.147
32,Nappie,Baudou,nbaudouv@163.com,Female,248.168.208.44
33,Tine,Babcock,tbabcockw@purevolume.com,Female,162.134.75.134
34,Shanan,Eschalette,seschalettex@qq.com,Bigender,0.80.158.55
35,Arnold,Puttergill,aputtergilly@ibm.com,Genderfluid,63.88.81.29
36,Brenda,Stables,bstablesz@deliciousdays.com,Genderqueer,60.156.254.212
37,Carrie,Birch,cbirch10@comcast.net,Non-binary,214.212.91.166
38,Adolphus,Drillot,adrillot11@hp.com,Non-binary,198.224.169.112
39,La verne,Harmson,lharmson12@scientificamerican.com,Non-binary,234.55.50.146
40,Dominga,Fehner,dfehner13@dmoz.org,Female,104.147.220.76
41,Cati,Gildersleeve,cgildersleeve14@163.com,Polygender,91.135.29.160
42,Emeline,Meace,emeace15@infoseek.co.jp,Male,181.169.24.28
43,Joy,Halls,jhalls16@myspace.com,Polygender,20.80.136.32
44,Shanta,Olechnowicz,solechnowicz17@pagesperso-orange.fr,Genderqueer,74.118.28.49
45,Ernest,Gravie,egravie18@skyrock.com,Bigender,37.19.232.79
46,Nanon,Fanshaw,nfanshaw19@techcrunch.com,Female,229.132.10.128
47,Adrian,Thorneloe,athorneloe1a@acquirethisname.com,Male,131.180.160.121
48,Neysa,Noble,nnoble1b@google.ru,Agender,176.244.27.26
49,Van,Reasce,vreasce1c@buzzfeed.com,Non-binary,205.183.209.230
50,Florenza,Vannar,fvannar1d@ucsd.edu,Female,66.34.67.73
51,Antonina,Cattlow,acattlow1e@gnu.org,Non-binary,80.212.163.230
52,Nobie,Ternouth,nternouth1f@godaddy.com,Female,85.133.174.7
53,Xena,Gremane,xgremane1g@fotki.com,Agender,215.0.84.217
54,Kevan,Tansley,ktansley1h@yahoo.com,Agender,124.189.221.108
55,Beitris,Harwood,bharwood1i@pagesperso-orange.fr,Non-binary,194.41.17.27
56,Oswell,Liddington,oliddington1j@dion.ne.jp,Male,174.43.68.212
57,Donaugh,Phethean,dphethean1k@shinystat.com,Genderfluid,11.250.42.223
58,Florrie,Tschursch,ftschursch1l@gov.uk,Non-binary,222.8.171.12
59,Mikael,Morden,mmorden1m@oakley.com,Genderqueer,113.94.203.141
60,Devi,Cronin,dcronin1n@indiatimes.com,Agender,12.238.10.51
61,Iormina,Blyden,iblyden1o@tripadvisor.com,Agender,58.45.120.70
62,Marianna,McFeat,mmcfeat1p@tamu.edu,Non-binary,100.120.240.151
63,Clementius,Linsley,clinsley1q@webnode.com,Non-binary,108.214.190.12
64,Phillipe,McDonagh,pmcdonagh1r@uiuc.edu,Polygender,195.43.119.70
65,Base,Budik,bbudik1s@altervista.org,Polygender,120.138.4.189
66,Wenona,Muttitt,wmuttitt1t@constantcontact.com,Female,100.35.139.9
67,Garland,Bleasdille,gbleasdille1u@newyorker.com,Bigender,54.39.54.218
68,Moe,Baulch,mbaulch1v@google.es,Polygender,206.109.183.45
69,Cathyleen,Tregenna,ctregenna1w@vkontakte.ru,Genderfluid,71.214.197.107
70,Catherin,Storrar,cstorrar1x@list-manage.com,Bigender,247.175.232.131
71,Morly,Graundisson,mgraundisson1y@over-blog.com,Polygender,157.74.41.184
72,Glynn,Andries,gandries1z@nytimes.com,Genderfluid,189.152.227.60
73,Birch,Fallows,bfallows20@friendfeed.com,Genderqueer,235.99.10.239
74,Talia,Keates,tkeates21@naver.com,Male,76.19.4.83
75,Carolus,Pyrton,cpyrton22@ehow.com,Male,170.53.167.248
76,Gilemette,Biss,gbiss23@multiply.com,Male,107.48.245.193
77,Sib,Tripet,stripet24@mapy.cz,Male,52.95.47.101
78,Lazar,Capun,lcapun25@meetup.com,Male,247.205.244.234
79,Bidget,Cable,bcable26@icio.us,Non-binary,85.48.197.167
80,Marcela,Argile,margile27@ted.com,Genderqueer,88.137.162.92
81,Claudio,McCaughren,cmccaughren28@aboutads.info,Agender,7.191.93.101
82,Albina,Dresche,adresche29@tamu.edu,Male,123.21.47.63
83,Helli,Audiss,haudiss2a@multiply.com,Polygender,138.201.196.196
84,Yvette,Gandrich,ygandrich2b@com.com,Female,104.242.101.230
85,Noak,Mousley,nmousley2c@loc.gov,Polygender,1.165.75.117
86,Bevin,Greenless,bgreenless2d@twitpic.com,Genderfluid,184.163.19.202
87,Alexi,Vitler,avitler2e@wufoo.com,Genderfluid,151.253.216.162
88,Bobby,Brasted,bbrasted2f@com.com,Genderqueer,69.243.96.232
89,Humberto,Shimmans,hshimmans2g@themeforest.net,Genderfluid,62.190.251.48
90,Abbey,Kamiyama,akamiyama2h@cargocollective.com,Male,112.131.165.119
91,Godfry,Cadlock,gcadlock2i@dmoz.org,Polygender,43.12.194.195
92,Tracee,Softley,tsoftley2j@cloudflare.com,Agender,214.234.17.99
93,Tabbie,Vinter,tvinter2k@disqus.com,Agender,114.15.239.49
94,Jeffrey,Newns,jnewns2l@ftc.gov,Agender,131.51.75.66
95,Haleigh,Carlile,hcarlile2m@seesaa.net,Female,135.25.198.28
96,Florella,Winman,fwinman2n@theguardian.com,Agender,146.213.226.37
97,Maison,Younglove,myounglove2o@msu.edu,Agender,223.9.155.136
98,Chere,Ensor,censor2p@slashdot.org,Genderfluid,214.243.59.104
99,Chiarra,Swanger,cswanger2q@shinystat.com,Male,37.137.175.122
100,Tomkin,Delepine,tdelepine2r@dell.com,Genderqueer,246.182.80.22
101,Lucian,Crampsey,lcrampsey2s@addtoany.com,Female,217.219.215.69
102,Ole,Martlew,omartlew2t@mit.edu,Polygender,216.32.61.44
103,Ted,Eminson,teminson2u@ed.gov,Bigender,242.119.228.227
104,Averil,Turbill,aturbill2v@ovh.net,Male,22.247.117.69
105,Al,MacShirrie,amacshirrie2w@godaddy.com,Genderqueer,185.11.165.122
106,Amberly,Elliker,aelliker2x@go.com,Female,98.145.244.84
107,Roland,Heckney,rheckney2y@yandex.ru,Female,102.17.216.90
108,Reube,Brownscombe,rbrownscombe2z@pbs.org,Polygender,160.63.71.15
109,Glenna,Faltin,gfaltin30@hugedomains.com,Polygender,26.30.74.17
110,Nikos,Symper,nsymper31@nydailynews.com,Genderfluid,20.204.139.239
111,Dela,Bulleyn,dbulleyn32@simplemachines.org,Genderfluid,32.183.197.39
112,Amandi,Gladdish,agladdish33@123-reg.co.uk,Genderqueer,188.71.209.52
113,Wolf,Vaissiere,wvaissiere34@aboutads.info,Polygender,85.223.177.47
114,Galvin,Manley,gmanley35@vinaora.com,Female,186.115.89.101
115,Devina,Byford,dbyford36@arizona.edu,Female,194.202.197.223
116,Cynde,Grzes,cgrzes37@admin.ch,Female,218.98.137.172
117,Myer,Chettle,mchettle38@lulu.com,Male,214.43.185.145
118,Birgitta,Gristock,bgristock39@newyorker.com,Agender,22.160.56.167
119,Babbie,Pickthorn,bpickthorn3a@dagondesign.com,Polygender,6.252.51.146
120,Winn,Howarth,whowarth3b@theglobeandmail.com,Genderqueer,190.19.14.98
121,Darius,Lofts,dlofts3c@baidu.com,Genderqueer,165.191.20.164
122,Silvain,Praundlin,spraundlin3d@ihg.com,Bigender,26.141.223.1
123,Daven,Bellefonte,dbellefonte3e@buzzfeed.com,Polygender,199.217.229.18
124,Dex,Causbey,dcausbey3f@hibu.com,Genderfluid,116.54.152.23
125,Corey,Simion,csimion3g@dailymail.co.uk,Non-binary,186.220.97.11
126,Rhodia,Rosenbusch,rrosenbusch3h@gmpg.org,Female,74.55.32.22
127,Quinn,Boulde,qboulde3i@unblog.fr,Genderfluid,59.214.232.111
128,Nadine,Shelp,nshelp3j@tinypic.com,Male,231.152.105.20
129,Gustaf,Panchin,gpanchin3k@ox.ac.uk,Genderqueer,97.198.242.100
130,Nananne,Keal,nkeal3l@hud.gov,Genderqueer,14.102.5.59
131,Pierre,Winger,pwinger3m@furl.net,Non-binary,216.178.43.8
132,Adlai,Parchment,aparchment3n@indiatimes.com,Male,149.211.84.3
133,Whitby,Buckler,wbuckler3o@wordpress.org,Male,143.8.5.31
134,Marty,Giacomucci,mgiacomucci3p@ft.com,Non-binary,173.247.236.201
135,Laurella,Jiroutka,ljiroutka3q@vistaprint.com,Bigender,92.29.86.14
136,Morgan,Gohn,mgohn3r@squarespace.com,Bigender,21.60.138.148
137,Oralie,Bullcock,obullcock3s@123-reg.co.uk,Agender,119.155.55.104
138,Nestor,Danford,ndanford3t@jiathis.com,Female,12.161.41.233
139,Emlyn,Shrimpling,eshrimpling3u@blogtalkradio.com,Genderfluid,148.189.246.21
140,Sumner,Edworthie,sedworthie3v@lycos.com,Genderfluid,183.115.114.106
141,Shannen,Sekulla,ssekulla3w@hao123.com,Genderfluid,49.166.178.224
142,Marissa,Stanway,mstanway3x@google.es,Male,201.88.192.16
143,Hinda,Tatnell,htatnell3y@bizjournals.com,Female,169.81.177.165
144,Valentia,Haskett,vhaskett3z@netvibes.com,Polygender,24.180.236.172
145,Anthea,Laviss,alaviss40@chicagotribune.com,Non-binary,135.12.79.80
146,Broderic,Broader,bbroader41@blogs.com,Non-binary,55.200.65.45
147,Margit,Kapelhof,mkapelhof42@umich.edu,Male,195.131.172.240
148,Tillie,Runacres,trunacres43@wikispaces.com,Polygender,93.56.95.101
149,Floris,Lacelett,flacelett44@disqus.com,Female,11.243.80.71
150,Jillian,Savatier,jsavatier45@gravatar.com,Genderqueer,177.155.9.19
151,Dalia,Dunning,ddunning46@macromedia.com,Male,114.254.92.99
152,Ky,Pay,kpay47@studiopress.com,Bigender,235.105.76.163
153,Avie,Sayburn,asayburn48@tuttocitta.it,Male,74.245.137.106
154,Sasha,Meates,smeates49@people.com.cn,Bigender,108.205.234.245
155,Tull,Nisbith,tnisbith4a@google.pl,Bigender,248.156.211.55
156,Marlee,Simonelli,msimonelli4b@infoseek.co.jp,Male,48.114.74.100
157,Gustie,Jurzyk,gjurzyk4c@hao123.com,Bigender,176.241.77.231
158,Damien,Hadlee,dhadlee4d@bloomberg.com,Polygender,88.33.131.62
159,Evangelin,Halden,ehalden4e@multiply.com,Bigender,135.238.251.115
160,Theadora,Quiddinton,tquiddinton4f@theglobeandmail.com,Genderfluid,211.151.60.48
161,Goddart,Reville,greville4g@newsvine.com,Genderfluid,202.110.64.139
162,Barde,Dollman,bdollman4h@examiner.com,Bigender,231.67.38.158
163,Nikki,Sidlow,nsidlow4i@theglobeandmail.com,Bigender,17.174.208.141
164,Red,Coucha,rcoucha4j@about.me,Bigender,17.209.239.58
165,Sigvard,McWilliams,smcwilliams4k@soundcloud.com,Male,133.26.68.90
166,Tudor,Binding,tbinding4l@apache.org,Bigender,231.234.109.201
167,Melvin,Eldred,meldred4m@businessinsider.com,Genderqueer,173.75.88.130
168,Anna-diane,Concannon,aconcannon4n@tuttocitta.it,Polygender,103.222.88.60
169,Jeno,Rollings,jrollings4o@wired.com,Genderfluid,85.183.187.15
170,Lyn,Gribbell,lgribbell4p@bravesites.com,Agender,228.239.122.122
171,Ross,Keyworth,rkeyworth4q@delicious.com,Genderfluid,19.191.144.34
172,Johnna,Reglar,jreglar4r@altervista.org,Non-binary,129.162.123.103
173,Borg,Hallyburton,bhallyburton4s@zdnet.com,Bigender,212.52.125.255
174,Roscoe,Ekkel,rekkel4t@phoca.cz,Genderqueer,61.116.180.58
175,Brook,McVicar,bmcvicar4u@biglobe.ne.jp,Non-binary,212.223.165.147
176,Dierdre,Coe,dcoe4v@army.mil,Polygender,172.99.234.76
177,Dory,Redmell,dredmell4w@issuu.com,Genderqueer,6.131.113.195
178,Merle,Stygall,mstygall4x@msn.com,Female,3.162.137.13
179,Jasmin,Groom,jgroom4y@ibm.com,Polygender,213.184.103.60
180,Kristen,Jervis,kjervis4z@toplist.cz,Female,177.147.84.56
181,Frank,Bolf,fbolf50@g.co,Female,29.237.3.139
182,Eugene,Klasing,eklasing51@usda.gov,Male,79.10.108.245
183,Basil,Boydle,bboydle52@statcounter.com,Male,207.206.207.181
184,Killy,Darke,kdarke53@senate.gov,Genderfluid,225.246.19.199
185,Nomi,Pedrozzi,npedrozzi54@answers.com,Agender,214.115.162.160
186,Hilarius,Levey,hlevey55@shareasale.com,Non-binary,106.103.180.6
187,Kate,Winley,kwinley56@blinklist.com,Female,59.212.231.249
188,Esther,Janczak,ejanczak57@sun.com,Male,252.84.253.165
189,Kellia,Gateley,kgateley58@surveymonkey.com,Genderfluid,210.238.190.102
190,Kirstin,Gotch,kgotch59@skyrock.com,Agender,223.137.17.246
191,Rockwell,Waterstone,rwaterstone5a@desdev.cn,Bigender,22.135.134.116
192,Delcina,Castanos,dcastanos5b@wsj.com,Female,241.255.92.51
193,Thibaud,Goodhall,tgoodhall5c@hugedomains.com,Polygender,52.121.191.176
194,Jocelin,Nice,jnice5d@lulu.com,Non-binary,152.25.156.182
195,Halie,Mowbray,hmowbray5e@unesco.org,Genderfluid,91.14.243.110
196,Leandra,le Keux,llekeux5f@163.com,Female,86.41.74.93
197,Kariotta,Sherland,ksherland5g@uol.com.br,Non-binary,7.5.152.60
198,Nicoline,Novelli,nnovelli5h@youku.com,Genderqueer,24.20.156.8
199,Thoma,Danilishin,tdanilishin5i@liveinternet.ru,Genderqueer,57.143.94.154
200,Caryl,Pickburn,cpickburn5j@tiny.cc,Female,75.136.250.174
201,Natal,Do Rosario,ndorosario5k@jugem.jp,Genderfluid,140.252.17.219
202,Josie,Wyeth,jwyeth5l@dyndns.org,Agender,219.184.97.22
203,Lovell,Frere,lfrere5m@clickbank.net,Genderfluid,59.86.115.55
204,Mervin,Pickton,mpickton5n@timesonline.co.uk,Non-binary,128.114.225.143
205,Sheelagh,Barti,sbarti5o@photobucket.com,Agender,97.241.124.102
206,Immanuel,Donovan,idonovan5p@pcworld.com,Male,123.119.31.228
207,Opal,Jankovsky,ojankovsky5q@economist.com,Non-binary,32.18.157.182
208,Hilly,Waleran,hwaleran5r@uiuc.edu,Genderqueer,9.3.94.242
209,Doroteya,Bickell,dbickell5s@amazonaws.com,Genderfluid,35.4.214.232
210,Ewell,Deeming,edeeming5t@buzzfeed.com,Polygender,101.22.133.1
211,Kaylee,Le Pine,klepine5u@intel.com,Non-binary,93.251.235.131
212,Shawna,Loughran,sloughran5v@sourceforge.net,Genderqueer,204.195.233.7
213,Johnny,Bougen,jbougen5w@chronoengine.com,Agender,253.201.178.198
214,Ealasaid,Lytle,elytle5x@dagondesign.com,Genderqueer,69.34.40.137
215,Susannah,Sparkwell,ssparkwell5y@state.gov,Non-binary,254.26.41.8
216,Horacio,Dinsey,hdinsey5z@fda.gov,Bigender,126.124.209.120
217,Ann,Giberd,agiberd60@bloglines.com,Male,255.216.221.245
218,Celestyna,Anney,canney61@bbc.co.uk,Female,106.145.215.95
219,Boycie,Clohisey,bclohisey62@example.com,Polygender,137.168.183.5
220,Kori,Rewcastle,krewcastle63@senate.gov,Polygender,140.104.52.197
221,Ozzie,Lamden,olamden64@theguardian.com,Non-binary,150.254.207.72
222,Purcell,Truscott,ptruscott65@harvard.edu,Non-binary,240.57.230.173
223,Cass,Braunroth,cbraunroth66@cyberchimps.com,Genderqueer,229.162.117.65
224,Gordan,Lammie,glammie67@time.com,Genderfluid,111.165.12.232
225,Cord,MacShirrie,cmacshirrie68@4shared.com,Genderfluid,37.3.93.237
226,Evvie,Maleby,emaleby69@youtube.com,Male,236.60.52.236
227,Gustie,Fisby,gfisby6a@biblegateway.com,Male,223.211.216.238
228,Gertrudis,Perry,gperry6b@kickstarter.com,Genderqueer,247.66.121.74
229,Celisse,MacCosto,cmaccosto6c@infoseek.co.jp,Genderfluid,48.53.132.142
230,Bradley,Evennett,bevennett6d@apache.org,Female,46.114.111.214
231,Winslow,Zecchini,wzecchini6e@plala.or.jp,Agender,85.102.231.177
232,Patrizius,Di Roberto,pdiroberto6f@clickbank.net,Bigender,192.151.234.67
233,Denys,Penniell,dpenniell6g@vkontakte.ru,Polygender,214.168.111.244
234,Chrysa,Duffer,cduffer6h@chronoengine.com,Male,228.143.29.61
235,Cymbre,Corter,ccorter6i@list-manage.com,Male,229.205.124.19
236,Lawry,Nowakowski,lnowakowski6j@icq.com,Genderfluid,209.109.120.192
237,Grazia,Baumer,gbaumer6k@globo.com,Genderfluid,5.102.66.99
238,Boonie,Lerigo,blerigo6l@forbes.com,Male,8.177.84.106
239,Jesselyn,Buckam,jbuckam6m@technorati.com,Male,27.153.54.4
240,Oliver,Osant,oosant6n@networksolutions.com,Female,144.161.38.189
241,Geno,Bizley,gbizley6o@hostgator.com,Genderfluid,103.79.132.163
242,Stanley,Firk,sfirk6p@whitehouse.gov,Bigender,224.49.82.162
243,Sherie,Battell,sbattell6q@twitter.com,Non-binary,17.15.5.63
244,Taber,Moiser,tmoiser6r@seattletimes.com,Non-binary,156.212.233.133
245,Seth,Avramovic,savramovic6s@baidu.com,Non-binary,144.252.3.239
246,Zelig,Blois,zblois6t@pcworld.com,Male,147.165.173.98
247,Virge,Hannam,vhannam6u@diigo.com,Genderfluid,220.231.134.182
248,Eddie,Wyd,ewyd6v@independent.co.uk,Bigender,201.121.56.150
249,Oswell,Schachter,oschachter6w@a8.net,Bigender,66.232.242.233
250,Maje,Witherden,mwitherden6x@joomla.org,Agender,211.188.170.47
251,Banky,Toope,btoope6y@moonfruit.com,Female,79.109.143.173
252,Josiah,De Francesco,jdefrancesco6z@europa.eu,Non-binary,95.61.254.178
253,Avictor,Benley,abenley70@jiathis.com,Bigender,170.10.76.88
254,Ashlie,Jochanany,ajochanany71@chronoengine.com,Male,137.104.231.92
255,Kip,Culpen,kculpen72@toplist.cz,Genderqueer,172.100.201.238
256,Mirna,Kares,mkares73@epa.gov,Bigender,212.55.224.132
257,Melitta,Whybrow,mwhybrow74@g.co,Female,59.122.122.114
258,Kippy,Cotsford,kcotsford75@chronoengine.com,Non-binary,87.156.180.139
259,Liane,Semerad,lsemerad76@edublogs.org,Agender,208.179.33.146
260,Milissent,Fussie,mfussie77@histats.com,Genderfluid,90.158.90.253
261,Mattie,Rennison,mrennison78@vkontakte.ru,Genderqueer,37.244.141.151
262,Johann,Mellanby,jmellanby79@arizona.edu,Male,115.212.74.60
263,Corbet,Hacquel,chacquel7a@ted.com,Male,180.104.169.0
264,Florie,Grennan,fgrennan7b@is.gd,Female,59.255.154.168
265,Gracie,Griffitts,ggriffitts7c@themeforest.net,Genderqueer,90.17.118.105
266,Hussein,Cleere,hcleere7d@twitpic.com,Bigender,57.40.205.135
267,Rolland,Buckby,rbuckby7e@usatoday.com,Agender,147.0.100.237
268,Chrisse,Bartalin,cbartalin7f@zimbio.com,Genderfluid,248.158.180.9
269,Darell,Guilliatt,dguilliatt7g@paypal.com,Genderfluid,98.192.68.91
270,Germana,Marr,gmarr7h@discuz.net,Female,245.36.175.58
271,Lurlene,Jerman,ljerman7i@cbsnews.com,Genderqueer,243.184.206.253
272,Ellene,Galbraeth,egalbraeth7j@unblog.fr,Genderqueer,236.195.106.85
273,Sybyl,Falco,sfalco7k@pen.io,Genderqueer,159.193.156.246
274,Angelina,Feathersby,afeathersby7l@elegantthemes.com,Genderqueer,239.125.96.250
275,Lorry,Laurenty,llaurenty7m@prweb.com,Female,54.83.75.95
276,Lurline,MacCard,lmaccard7n@narod.ru,Male,40.179.191.201
277,Emmit,Blaxley,eblaxley7o@omniture.com,Genderqueer,145.52.189.89
278,Denni,Ridler,dridler7p@123-reg.co.uk,Non-binary,59.204.104.141
279,Thane,Clayden,tclayden7q@last.fm,Female,11.69.81.246
280,Kristos,Hubner,khubner7r@amazonaws.com,Polygender,101.45.207.118
281,Janeva,Backe,jbacke7s@harvard.edu,Genderqueer,241.155.92.196
282,Goldarina,Cescoti,gcescoti7t@mashable.com,Polygender,109.213.23.205
283,Tabby,Brann,tbrann7u@ezinearticles.com,Male,153.63.127.23
284,Raffarty,McLauchlin,rmclauchlin7v@washingtonpost.com,Non-binary,117.125.107.81
285,Adler,Leversuch,aleversuch7w@archive.org,Female,228.26.166.16
286,Jonah,Oglethorpe,joglethorpe7x@skype.com,Polygender,161.86.186.99
287,Webster,Sowthcote,wsowthcote7y@joomla.org,Polygender,203.62.16.183
288,Kim,Leibold,kleibold7z@de.vu,Female,240.156.7.213
289,Tucker,Laugherane,tlaugherane80@indiatimes.com,Genderqueer,185.118.55.35
290,Locke,Chinn,lchinn81@gov.uk,Polygender,163.74.9.66
291,Feodor,Kruse,fkruse82@bbc.co.uk,Male,92.140.121.16
292,Ulrich,Spellesy,uspellesy83@squidoo.com,Genderqueer,59.171.146.81
293,Gardy,Saul,gsaul84@liveinternet.ru,Male,91.219.115.244
294,Carmen,Mayer,cmayer85@phoca.cz,Bigender,198.54.39.79
295,Micheline,Gunther,mgunther86@webs.com,Bigender,238.20.118.69
296,Ludovico,Bradforth,lbradforth87@businessweek.com,Polygender,104.83.113.155
297,Rivi,Gauche,rgauche88@mlb.com,Genderfluid,223.255.9.74
298,Mei,Whitter,mwhitter89@merriam-webster.com,Polygender,206.148.161.60
299,Elia,McKeran,emckeran8a@unblog.fr,Bigender,121.220.193.166
300,Buddy,Gadney,bgadney8b@friendfeed.com,Genderfluid,5.77.24.165
301,Olag,Levene,olevene8c@ebay.co.uk,Genderfluid,222.65.25.164
302,Courtney,Garretson,cgarretson8d@yellowpages.com,Non-binary,30.201.135.234
303,Francklin,Copsey,fcopsey8e@homestead.com,Polygender,84.113.48.137
304,Burke,Nettle,bnettle8f@nps.gov,Agender,205.126.163.132
305,Zachariah,Cutress,zcutress8g@slate.com,Genderqueer,250.46.37.133
306,Pierson,Fosdike,pfosdike8h@devhub.com,Genderqueer,227.235.57.41
307,Hephzibah,Froome,hfroome8i@rediff.com,Male,34.218.183.2
308,Micheline,Stoyle,mstoyle8j@mapquest.com,Non-binary,25.206.238.236
309,Tanhya,Harberer,tharberer8k@alibaba.com,Male,229.14.144.106
310,Kelley,Clemont,kclemont8l@rediff.com,Genderfluid,93.188.117.147
311,Ninette,Symington,nsymington8m@ucla.edu,Genderqueer,37.61.175.152
312,Kirsteni,Joreau,kjoreau8n@bing.com,Genderqueer,140.203.13.173
313,Carolan,Myles,cmyles8o@seesaa.net,Genderfluid,58.243.221.2
314,Frayda,Stiling,fstiling8p@kickstarter.com,Non-binary,59.97.141.8
315,Nathaniel,Jaqueminet,njaqueminet8q@moonfruit.com,Female,211.135.197.143
316,Carlita,Atcock,catcock8r@dion.ne.jp,Bigender,27.169.79.96
317,Holly-anne,Parlet,hparlet8s@barnesandnoble.com,Genderqueer,172.243.203.213
318,Stephana,Teffrey,steffrey8t@privacy.gov.au,Agender,205.165.75.197
319,Bryna,Rablen,brablen8u@blogger.com,Female,46.38.101.58
320,Padriac,Orrin,porrin8v@mozilla.com,Male,166.149.176.109
321,Rolph,Treffry,rtreffry8w@ca.gov,Male,206.34.157.65
322,Wilmette,Tersay,wtersay8x@nydailynews.com,Agender,86.175.9.115
323,Hurleigh,Atcherley,hatcherley8y@forbes.com,Male,152.201.73.181
324,Josephina,Abele,jabele8z@latimes.com,Polygender,147.38.172.62
325,Brian,Murison,bmurison90@histats.com,Female,42.219.224.107
326,Homere,Giroldo,hgiroldo91@hostgator.com,Female,204.96.109.72
327,Blair,Kindleside,bkindleside92@hao123.com,Non-binary,29.89.51.75
328,Sonja,Matej,smatej93@cdbaby.com,Genderqueer,173.75.69.29
329,Georas,Avarne,gavarne94@princeton.edu,Agender,235.231.191.231
330,Renate,Scolts,rscolts95@salon.com,Polygender,25.144.123.229
331,Gian,Benedettini,gbenedettini96@reddit.com,Female,52.158.17.73
332,Griswold,Johnsson,gjohnsson97@barnesandnoble.com,Female,98.151.240.255
333,Lauretta,Nursey,lnursey98@cnbc.com,Agender,98.120.90.253
334,Guthrey,Riddock,griddock99@cnet.com,Genderqueer,51.201.20.183
335,Clarie,Silvers,csilvers9a@soundcloud.com,Female,171.133.13.87
336,Yank,Feedome,yfeedome9b@yahoo.com,Bigender,166.62.68.79
337,Nerita,Densie,ndensie9c@google.co.jp,Bigender,151.119.20.91
338,Lynna,Biasioni,lbiasioni9d@webnode.com,Non-binary,183.120.198.255
339,Cecilio,Vesty,cvesty9e@google.co.uk,Male,241.161.108.131
340,Ad,Puttick,aputtick9f@gnu.org,Non-binary,206.152.11.98
341,Jemima,Guillerman,jguillerman9g@yelp.com,Male,161.140.93.255
342,Marv,Fuggle,mfuggle9h@networkadvertising.org,Male,143.161.212.202
343,Nada,McEnhill,nmcenhill9i@addthis.com,Bigender,98.102.232.187
344,Roseanna,Gallichiccio,rgallichiccio9j@youtube.com,Non-binary,153.132.224.68
345,Patric,Guiet,pguiet9k@w3.org,Agender,47.194.101.100
346,Mano,Maccrie,mmaccrie9l@marriott.com,Bigender,116.78.216.28
347,Clo,Kydde,ckydde9m@fastcompany.com,Bigender,192.239.224.84
348,Orelle,Cotelard,ocotelard9n@vkontakte.ru,Genderqueer,80.207.227.123
349,Dawn,Mendez,dmendez9o@epa.gov,Bigender,22.102.233.31
350,Hart,Deverson,hdeverson9p@sakura.ne.jp,Non-binary,135.250.182.0
351,Rosabella,Matchitt,rmatchitt9q@yellowpages.com,Genderfluid,217.194.126.104
352,Cynthea,Grigoire,cgrigoire9r@about.com,Bigender,127.173.158.92
353,Onofredo,Aprahamian,oaprahamian9s@bravesites.com,Non-binary,147.183.59.254
354,Frederique,Lapthorn,flapthorn9t@mozilla.org,Female,80.241.47.129
355,Rory,Grimsdell,rgrimsdell9u@theguardian.com,Bigender,206.97.57.171
356,Hasty,Bishopp,hbishopp9v@dmoz.org,Agender,77.110.83.132
357,Ralina,Kob,rkob9w@chicagotribune.com,Genderfluid,106.97.137.58
358,Nappie,McKenney,nmckenney9x@ox.ac.uk,Male,213.145.131.246
359,Ardenia,Kenan,akenan9y@ucla.edu,Non-binary,22.125.3.2
360,Venita,Willeson,vwilleson9z@patch.com,Agender,230.9.126.107
361,Dagmar,Asche,daschea0@dot.gov,Agender,85.37.165.116
362,Derwin,Lamers,dlamersa1@army.mil,Genderqueer,92.181.181.208
363,Wynn,Hargess,whargessa2@yandex.ru,Bigender,15.95.22.9
364,Shellysheldon,Venmore,svenmorea3@aboutads.info,Polygender,232.55.232.137
365,Jacinthe,Wilgar,jwilgara4@wisc.edu,Male,4.126.254.43
366,Yetty,Hymas,yhymasa5@discovery.com,Bigender,238.238.153.199
367,Frazier,Collelton,fcolleltona6@newsvine.com,Non-binary,170.210.112.151
368,Trix,Hunter,thuntera7@thetimes.co.uk,Genderfluid,27.72.45.134
369,Madelina,Tildesley,mtildesleya8@slate.com,Genderqueer,5.67.7.102
370,Chas,Alaway,calawaya9@businessinsider.com,Agender,179.171.156.34
371,Tami,Marder,tmarderaa@imgur.com,Male,25.49.12.76
372,Selestina,Natte,snatteab@accuweather.com,Polygender,75.18.246.68
373,Yuri,Osan,yosanac@dot.gov,Non-binary,167.21.162.198
374,Bailie,Hemstead,bhemsteadad@indiatimes.com,Polygender,127.138.106.100
375,Morse,Trengrove,mtrengroveae@google.pl,Non-binary,190.6.181.111
376,Val,Manthroppe,vmanthroppeaf@state.tx.us,Female,60.71.236.100
377,Maddi,Buckam,mbuckamag@tinypic.com,Genderfluid,135.205.69.20
378,Ingeborg,Smail,ismailah@canalblog.com,Female,228.228.239.4
379,Meredithe,McKennan,mmckennanai@noaa.gov,Genderqueer,78.40.228.196
380,Dominga,Channer,dchanneraj@bigcartel.com,Female,38.89.10.229
381,Veronike,Plaide,vplaideak@sitemeter.com,Polygender,48.53.56.241
382,Shurwood,Shurrocks,sshurrocksal@gnu.org,Agender,189.150.53.238
383,Elena,Lillyman,elillymanam@mayoclinic.com,Genderqueer,211.22.25.91
384,Reube,Littledyke,rlittledykean@nba.com,Non-binary,223.83.45.85
385,Harland,Hooke,hhookeao@home.pl,Agender,121.87.163.135
386,Ferdinanda,Silkston,fsilkstonap@yandex.ru,Male,64.21.205.151
387,Caryl,Greenacre,cgreenacreaq@163.com,Non-binary,96.205.0.174
388,Erv,Crocker,ecrockerar@smh.com.au,Genderfluid,232.179.228.93
389,Jens,Bohler,jbohleras@istockphoto.com,Agender,194.123.250.84
390,Micheil,Schleicher,mschleicherat@joomla.org,Genderqueer,98.104.182.244
391,Krysta,Blinco,kblincoau@nymag.com,Agender,94.79.231.1
392,Ellary,Sainsbury-Brown,esainsburybrownav@icq.com,Female,241.25.71.166
393,Jami,Seiller,jseilleraw@bbb.org,Polygender,184.154.200.143
394,Sigrid,Blythe,sblytheax@twitpic.com,Genderfluid,60.65.160.27
395,Hester,Rablin,hrablinay@eepurl.com,Male,203.106.69.144
396,Marius,Pohling,mpohlingaz@shutterfly.com,Female,85.231.245.16
397,Hadrian,Bootton,hboottonb0@google.nl,Bigender,65.193.242.36
398,Colver,Arne,carneb1@usda.gov,Male,244.179.133.116
399,Axel,Hacon,ahaconb2@npr.org,Agender,94.221.25.97
400,Felic,Caplin,fcaplinb3@liveinternet.ru,Agender,161.67.118.236
401,Ernesto,Stigger,estiggerb4@1und1.de,Agender,219.170.92.78
402,Khalil,Durban,kdurbanb5@army.mil,Bigender,108.169.229.123
403,Hildy,Alldred,halldredb6@gmpg.org,Genderfluid,31.183.147.184
404,Rana,Gallagher,rgallagherb7@bbb.org,Polygender,103.64.29.33
405,Marillin,Gull,mgullb8@mozilla.org,Male,44.48.39.41
406,Thaddeus,Nardi,tnardib9@about.com,Bigender,246.126.88.34
407,Cesar,Dodswell,cdodswellba@cnn.com,Female,176.144.109.178
408,Hyacinthie,Antonovic,hantonovicbb@npr.org,Non-binary,248.28.116.240
409,Alexis,Lowater,alowaterbc@live.com,Non-binary,231.175.93.145
410,Kristan,Veschambre,kveschambrebd@cyberchimps.com,Female,48.150.167.43
411,Almeda,Fromont,afromontbe@wsj.com,Agender,124.126.41.33
412,Llewellyn,Isakov,lisakovbf@biglobe.ne.jp,Genderqueer,31.199.81.47
413,Harlen,Marages,hmaragesbg@thetimes.co.uk,Non-binary,203.153.218.225
414,Roddy,Maycey,rmayceybh@hostgator.com,Non-binary,56.46.193.218
415,Lebbie,Nickolls,lnickollsbi@canalblog.com,Male,110.228.163.3
416,Mariquilla,Lindman,mlindmanbj@elegantthemes.com,Male,169.45.216.211
417,Alick,Gorcke,agorckebk@moonfruit.com,Agender,223.85.181.119
418,Cirilo,Jobb,cjobbbl@nifty.com,Polygender,91.13.36.192
419,Aggi,Gunnell,agunnellbm@tamu.edu,Bigender,84.129.226.149
420,Weider,Fere,wferebn@tuttocitta.it,Agender,66.29.35.87
421,Ivor,Yurkin,iyurkinbo@chicagotribune.com,Female,169.68.166.6
422,Aurthur,Lemerie,alemeriebp@amazon.co.uk,Genderfluid,194.52.184.42
423,Marsiella,Braid,mbraidbq@about.com,Male,69.206.200.134
424,Pieter,Son,psonbr@networkadvertising.org,Bigender,123.176.110.158
425,Michale,McMeekan,mmcmeekanbs@skype.com,Agender,224.215.222.171
426,Sal,Wasiela,swasielabt@cafepress.com,Agender,2.42.122.142
427,Candra,Soeiro,csoeirobu@macromedia.com,Genderqueer,181.242.82.80
428,Gwenny,Halbard,ghalbardbv@cbsnews.com,Bigender,127.137.48.238
429,Demetra,Doldon,ddoldonbw@sina.com.cn,Female,251.70.235.67
430,Doralynn,O'Lunny,dolunnybx@myspace.com,Genderfluid,129.135.94.119
431,Samara,Lacy,slacyby@apple.com,Genderfluid,206.191.16.174
432,Aggi,Leedal,aleedalbz@ocn.ne.jp,Non-binary,183.225.150.127
433,Chantal,Bloxham,cbloxhamc0@paginegialle.it,Agender,109.114.155.27
434,Genevra,Harteley,gharteleyc1@moonfruit.com,Male,39.12.8.108
435,Jarrod,Tolley,jtolleyc2@twitpic.com,Agender,206.0.131.156
436,Margaret,Rzehor,mrzehorc3@ycombinator.com,Female,186.151.217.48
437,Caressa,Stringer,cstringerc4@newsvine.com,Polygender,169.66.188.117
438,Brendis,Isakovic,bisakovicc5@hostgator.com,Agender,27.192.169.189
439,Leodora,Whetton,lwhettonc6@cnn.com,Agender,30.235.159.125
440,Aurea,Loudwell,aloudwellc7@tripod.com,Non-binary,128.10.123.146
441,Sascha,Tolmie,stolmiec8@blogtalkradio.com,Bigender,106.206.142.3
442,Clare,Almon,calmonc9@answers.com,Male,113.243.188.220
443,Zolly,Ransome,zransomeca@aboutads.info,Female,188.182.74.92
444,Phillipp,Elfes,pelfescb@google.co.jp,Male,156.144.175.141
445,Maximo,Cotterell,mcotterellcc@reuters.com,Agender,195.23.160.157
446,Charlton,Spaldin,cspaldincd@spotify.com,Polygender,234.198.28.24
447,Delila,Fowden,dfowdence@patch.com,Polygender,255.7.64.141
448,Bogart,Kuhnel,bkuhnelcf@webmd.com,Polygender,131.104.11.158
449,Osmund,McAughtrie,omcaughtriecg@spiegel.de,Non-binary,230.7.96.226
450,Dosi,Hiom,dhiomch@google.com.br,Bigender,41.120.250.152
451,Tammie,Salt,tsaltci@cornell.edu,Female,97.130.132.176
452,Giffie,Barkley,gbarkleycj@google.pl,Female,32.209.86.145
453,Karil,Fitch,kfitchck@merriam-webster.com,Bigender,241.23.110.249
454,Arvy,Swaine,aswainecl@vistaprint.com,Bigender,191.27.56.252
455,Humphrey,Cruce,hcrucecm@mlb.com,Female,159.216.132.70
456,Glynis,Delgardillo,gdelgardillocn@telegraph.co.uk,Female,61.205.156.54
457,Marni,Bindley,mbindleyco@yahoo.co.jp,Male,47.178.4.3
458,Ardelis,Gossop,agossopcp@examiner.com,Genderqueer,97.246.130.101
459,Jessica,Hadwick,jhadwickcq@instagram.com,Agender,185.190.203.234
460,Petronia,Fruchon,pfruchoncr@walmart.com,Non-binary,29.132.185.92
461,Hailey,Cud,hcudcs@mtv.com,Male,19.193.81.243
462,Courtney,Grundon,cgrundonct@guardian.co.uk,Agender,19.15.91.71
463,Cam,Langstaff,clangstaffcu@istockphoto.com,Agender,21.4.166.66
464,Kata,Chasmar,kchasmarcv@twitter.com,Male,109.152.244.174
465,Salomone,Cobley,scobleycw@facebook.com,Polygender,55.217.194.118
466,Norean,McCoid,nmccoidcx@diigo.com,Genderqueer,101.47.36.223
467,Keene,Jobbins,kjobbinscy@cafepress.com,Female,250.190.230.131
468,Aarika,Durante,adurantecz@statcounter.com,Genderqueer,17.48.108.134
469,Humbert,Handrick,hhandrickd0@senate.gov,Female,86.236.54.13
470,Boot,Skeech,bskeechd1@feedburner.com,Bigender,187.89.17.24
471,Annis,Jolland,ajollandd2@adobe.com,Male,99.175.78.247
472,Domingo,Gummer,dgummerd3@walmart.com,Polygender,171.45.228.54
473,Archibald,Whistlecroft,awhistlecroftd4@hud.gov,Non-binary,172.64.18.39
474,Reina,Lequeux,rlequeuxd5@comcast.net,Agender,37.198.205.239
475,Nickey,O'Dempsey,nodempseyd6@elpais.com,Genderqueer,68.95.159.217
476,Alva,Longson,alongsond7@topsy.com,Bigender,190.80.131.67
477,Gardie,Matuszyk,gmatuszykd8@nhs.uk,Bigender,164.242.174.96
478,Ludwig,Lebell,llebelld9@godaddy.com,Female,76.157.27.87
479,Otis,Tattam,otattamda@uol.com.br,Agender,96.211.123.214
480,Andrea,Maior,amaiordb@weebly.com,Genderfluid,1.72.35.19
481,Denny,Ewing,dewingdc@smugmug.com,Bigender,50.98.227.253
482,Staffard,Osipov,sosipovdd@kickstarter.com,Female,195.161.96.131
483,Gratia,Chapling,gchaplingde@unesco.org,Non-binary,199.3.178.191
484,Kinna,O'Concannon,koconcannondf@amazon.com,Female,233.57.177.171
485,Ara,Cobb,acobbdg@google.ru,Agender,231.9.239.209
486,Murdoch,Brunone,mbrunonedh@stanford.edu,Female,120.58.153.214
487,Lucie,Manuello,lmanuellodi@cocolog-nifty.com,Bigender,128.151.2.58
488,Ingemar,Gerasch,igeraschdj@miibeian.gov.cn,Genderqueer,103.35.210.141
489,Bellina,Kullmann,bkullmanndk@addtoany.com,Bigender,70.41.125.137
490,Rochester,Rudgley,rrudgleydl@gnu.org,Agender,146.1.37.204
491,Arther,Dawdary,adawdarydm@bluehost.com,Male,161.0.110.253
492,Ema,Willoughley,ewilloughleydn@wordpress.org,Male,228.98.235.86
493,Isak,O'Deoran,iodeorando@independent.co.uk,Female,252.234.251.132
494,Gibby,Priden,gpridendp@earthlink.net,Male,48.52.164.95
495,Rosene,Bish,rbishdq@etsy.com,Genderqueer,182.52.161.153
496,Janey,MacCleod,jmaccleoddr@stanford.edu,Genderqueer,252.140.98.129
497,Adelina,Beadel,abeadelds@domainmarket.com,Genderfluid,110.28.185.43
498,Lindsy,Wenderoth,lwenderothdt@google.pl,Male,81.124.210.224
499,Stepha,Akroyd,sakroyddu@digg.com,Genderfluid,35.250.192.190
500,Theresita,Priestland,tpriestlanddv@ask.com,Polygender,10.90.166.8
501,Grace,Clausen,gclausendw@newsvine.com,Bigender,6.120.161.74
502,Veronica,McPolin,vmcpolindx@weibo.com,Bigender,250.201.76.165
503,Veronica,Ruddle,vruddledy@woothemes.com,Genderfluid,212.6.0.128
504,Armstrong,Braddon,abraddondz@businessinsider.com,Female,78.239.128.241
505,Letti,Pascow,lpascowe0@xing.com,Genderfluid,99.133.12.207
506,Gabriello,Tures,gturese1@wsj.com,Bigender,173.98.88.189
507,Neile,Ciciura,nciciurae2@comcast.net,Female,19.197.225.60
508,Pincas,McGarvey,pmcgarveye3@creativecommons.org,Agender,202.110.87.87
509,Ivie,Meiklam,imeiklame4@domainmarket.com,Bigender,201.11.41.203
510,Kellsie,Brozek,kbrozeke5@sciencedaily.com,Genderqueer,238.216.182.127
511,Murdoch,Oseland,moselande6@yahoo.co.jp,Genderfluid,89.50.21.52
512,Nessi,Sainz,nsainze7@joomla.org,Male,126.38.37.157
513,Georgy,Rappport,grappporte8@ocn.ne.jp,Male,88.59.117.184
514,Linc,Thunnercliff,lthunnercliffe9@tiny.cc,Genderfluid,9.165.99.113
515,Paddie,Prose,pproseea@vinaora.com,Genderqueer,164.72.105.86
516,Biron,Foran,bforaneb@tamu.edu,Male,214.237.41.51
517,Rudd,Kadd,rkaddec@ftc.gov,Genderfluid,138.24.236.121
518,Yorke,Rentz,yrentzed@merriam-webster.com,Genderqueer,29.232.210.122
519,Chloette,Fowell,cfowellee@smh.com.au,Bigender,225.125.231.42
520,Romy,Banaszczyk,rbanaszczykef@ibm.com,Bigender,0.162.105.84
521,Tamara,Steel,tsteeleg@ed.gov,Male,132.228.248.16
522,Mar,Andrewartha,mandrewarthaeh@noaa.gov,Female,163.217.184.61
523,Edik,Pyper,epyperei@nymag.com,Genderfluid,0.221.54.212
524,Ailee,McKew,amckewej@google.com,Bigender,34.192.53.199
525,Sheffield,Kirwin,skirwinek@dailymotion.com,Bigender,194.221.56.198
526,Cathe,Klaff,cklaffel@mapy.cz,Male,4.105.185.208
527,Alyssa,Shard,ashardem@theatlantic.com,Bigender,131.8.11.6
528,Audra,Duiged,aduigeden@gizmodo.com,Female,166.20.138.193
529,Hogan,Caesmans,hcaesmanseo@unicef.org,Bigender,8.157.40.211
530,Sylvan,Gryglewski,sgryglewskiep@mtv.com,Polygender,192.223.221.77
531,Lonnie,Padula,lpadulaeq@vkontakte.ru,Genderfluid,243.187.212.149
532,Kirsti,Ruddy,kruddyer@a8.net,Agender,81.169.206.27
533,Orville,Goford,ogofordes@so-net.ne.jp,Genderfluid,6.231.2.55
534,Leonora,Groneway,lgronewayet@dailymotion.com,Bigender,128.23.122.190
535,Mickie,Robuchon,mrobuchoneu@google.com.au,Bigender,70.215.172.213
536,Inez,Treweek,itreweekev@shop-pro.jp,Polygender,23.225.97.97
537,Clemmy,Osselton,cosseltonew@cnet.com,Polygender,15.186.136.171
538,Winny,Luetchford,wluetchfordex@edublogs.org,Agender,202.207.15.16
539,Vitia,Lamartine,vlamartineey@163.com,Genderfluid,120.189.249.136
540,Kim,Giannini,kgianniniez@house.gov,Female,111.172.52.81
541,Lauren,Clemintoni,lclemintonif0@desdev.cn,Genderfluid,148.220.192.152
542,Modesty,Jackett,mjackettf1@thetimes.co.uk,Agender,30.56.127.105
543,Annecorinne,Kaubisch,akaubischf2@fema.gov,Agender,126.16.77.22
544,Langsdon,Karchowski,lkarchowskif3@google.cn,Agender,30.162.60.105
545,Wandis,Arnley,warnleyf4@answers.com,Agender,179.136.60.186
546,Caroline,Fessler,cfesslerf5@usgs.gov,Polygender,38.166.119.18
547,Arri,Kiefer,akieferf6@geocities.com,Bigender,7.177.136.100
548,Phelia,Sempill,psempillf7@soundcloud.com,Female,194.32.19.18
549,Philis,Fitkin,pfitkinf8@pbs.org,Male,172.144.211.226
550,Leann,Perrygo,lperrygof9@telegraph.co.uk,Non-binary,50.122.214.220
551,Nessie,Portwaine,nportwainefa@goodreads.com,Bigender,20.36.13.121
552,Marylee,Greser,mgreserfb@slashdot.org,Agender,96.36.137.42
553,Hilary,Massenhove,hmassenhovefc@ycombinator.com,Genderfluid,102.115.25.38
554,Yovonnda,Swayton,yswaytonfd@google.it,Female,207.182.152.130
555,Vinni,Trusslove,vtrusslovefe@blinklist.com,Genderfluid,3.36.105.209
556,Rubi,Royl,rroylff@yahoo.co.jp,Non-binary,31.17.25.229
557,Georgianna,Plaister,gplaisterfg@hexun.com,Agender,150.80.114.84
558,Jenelle,Fossord,jfossordfh@theatlantic.com,Non-binary,90.161.85.255
559,Shaine,Thurstan,sthurstanfi@google.co.uk,Polygender,2.5.140.97
560,Jessika,Baroc,jbarocfj@youku.com,Bigender,204.154.222.52
561,Sigismundo,Freer,sfreerfk@google.it,Agender,1.236.123.251
562,Monika,Clarkin,mclarkinfl@jiathis.com,Genderfluid,153.89.107.215
563,Seana,Taleworth,staleworthfm@domainmarket.com,Bigender,233.24.55.59
564,Crysta,January,cjanuaryfn@ftc.gov,Genderfluid,113.92.28.57
565,Virgil,Grinnell,vgrinnellfo@abc.net.au,Male,197.221.0.35
566,Lock,Guillotin,lguillotinfp@printfriendly.com,Agender,52.42.8.89
567,Rockey,Annis,rannisfq@discovery.com,Genderqueer,7.62.10.42
568,Melinda,Choffin,mchoffinfr@oakley.com,Polygender,17.44.203.162
569,Susana,Wilbud,swilbudfs@xrea.com,Female,232.100.145.201
570,Carmita,Merricks,cmerricksft@elpais.com,Female,121.109.243.162
571,Westbrooke,Whelpdale,wwhelpdalefu@biblegateway.com,Female,56.156.178.121
572,Renae,Hale,rhalefv@google.com.au,Bigender,218.175.179.236
573,Augustin,Presswell,apresswellfw@icq.com,Male,239.71.114.124
574,Corbie,Sundin,csundinfx@unc.edu,Polygender,25.129.173.55
575,Dianemarie,Rabb,drabbfy@toplist.cz,Agender,184.188.34.76
576,Doralynne,Gervaise,dgervaisefz@technorati.com,Genderqueer,30.159.116.26
577,Christiano,Jessope,cjessopeg0@facebook.com,Genderfluid,55.189.165.214
578,Fergus,Fatharly,ffatharlyg1@dropbox.com,Agender,117.245.82.236
579,Derrek,Cracknell,dcracknellg2@nba.com,Polygender,199.99.72.182
580,Leonhard,Keneleyside,lkeneleysideg3@irs.gov,Non-binary,16.153.158.206
581,Gina,Toombes,gtoombesg4@sfgate.com,Genderqueer,168.198.108.175
582,Nonie,Durand,ndurandg5@wordpress.com,Male,179.223.49.252
583,Even,Martusov,emartusovg6@businessweek.com,Bigender,251.174.23.32
584,Murray,Soppit,msoppitg7@google.pl,Genderqueer,106.164.174.176
585,Tomasina,Handrahan,thandrahang8@macromedia.com,Bigender,112.45.197.221
586,Janet,Bygott,jbygottg9@tiny.cc,Male,63.87.97.102
587,Troy,Yakebowitch,tyakebowitchga@vk.com,Female,166.173.54.219
588,Veronique,O'Keenan,vokeenangb@apple.com,Genderqueer,136.123.211.183
589,Ina,Harfoot,iharfootgc@fda.gov,Female,149.87.135.157
590,Jo,Clowney,jclowneygd@icio.us,Agender,75.112.198.58
591,Guthrie,Keysel,gkeyselge@soup.io,Polygender,6.24.49.80
592,Jacquenetta,Test,jtestgf@psu.edu,Non-binary,248.220.192.157
593,Dasi,Olesen,dolesengg@vk.com,Bigender,223.116.250.222
594,Ophelia,Eatock,oeatockgh@sun.com,Male,151.127.248.146
595,Dell,Burriss,dburrissgi@clickbank.net,Genderqueer,254.253.229.226
596,Kori,Wingate,kwingategj@i2i.jp,Non-binary,187.43.98.184
597,Ynes,Colvie,ycolviegk@soundcloud.com,Male,8.3.255.187
598,Dagmar,Corke,dcorkegl@creativecommons.org,Agender,39.183.57.22
599,Allistir,Cramphorn,acramphorngm@sina.com.cn,Genderfluid,233.135.187.118
600,Donall,Sibary,dsibarygn@nih.gov,Genderqueer,246.69.171.169
601,Garey,Rodell,grodellgo@shareasale.com,Female,47.117.102.180
602,Linc,Hayley,lhayleygp@yahoo.com,Bigender,109.61.95.99
603,Willi,Wootton,wwoottongq@so-net.ne.jp,Bigender,172.137.86.144
604,Natal,Tarpey,ntarpeygr@vistaprint.com,Genderfluid,232.170.91.188
605,Amalea,Burgyn,aburgyngs@earthlink.net,Bigender,0.46.245.243
606,Archaimbaud,Phettis,aphettisgt@europa.eu,Female,130.109.88.158
607,Cindie,Drinkel,cdrinkelgu@wordpress.org,Bigender,127.58.43.13
608,Teri,Mathewes,tmathewesgv@ucoz.ru,Bigender,109.69.251.243
609,Bev,Mengue,bmenguegw@rakuten.co.jp,Male,121.210.53.242
610,Bernardo,Brandt,bbrandtgx@myspace.com,Genderfluid,114.2.226.179
611,Winna,Wasson,wwassongy@blogtalkradio.com,Female,0.25.195.229
612,Sharline,Matuszewski,smatuszewskigz@craigslist.org,Agender,121.57.74.10
613,Frank,Simo,fsimoh0@usatoday.com,Male,109.63.84.225
614,Leif,Guerreiro,lguerreiroh1@typepad.com,Female,51.91.192.163
615,Erhart,Remirez,eremirezh2@biblegateway.com,Genderfluid,46.66.253.227
616,Filmore,Wherry,fwherryh3@pen.io,Genderqueer,134.210.243.216
617,Winifield,Wreak,wwreakh4@webeden.co.uk,Agender,194.181.118.201
618,Klarika,Kilfether,kkilfetherh5@icq.com,Bigender,227.1.189.69
619,Giuseppe,Mendoza,gmendozah6@go.com,Male,124.31.107.239
620,Ernest,Caslett,ecasletth7@amazon.com,Genderfluid,152.189.207.180
621,Ebony,Fereday,eferedayh8@prnewswire.com,Genderfluid,103.44.94.152
622,Maxi,Bollin,mbollinh9@pagesperso-orange.fr,Female,190.168.167.103
623,Alejandrina,Ferrieroi,aferrieroiha@cargocollective.com,Agender,208.87.210.31
624,Nyssa,De Bischop,ndebischophb@etsy.com,Genderfluid,185.81.175.162
625,Whitaker,Rottcher,wrottcherhc@wikispaces.com,Male,128.70.238.100
626,Amerigo,Pauls,apaulshd@mtv.com,Female,54.177.94.199
627,Chevy,Caton,ccatonhe@themeforest.net,Genderqueer,108.170.1.0
628,Bobine,Sommerton,bsommertonhf@google.fr,Bigender,202.57.109.201
629,Malanie,Benjamin,mbenjaminhg@hc360.com,Agender,58.93.47.82
630,Claudio,Bhatia,cbhatiahh@opensource.org,Genderfluid,251.51.59.57
631,Codie,Greenhouse,cgreenhousehi@state.gov,Bigender,135.4.197.142
632,Latisha,Aris,larishj@wsj.com,Female,111.204.105.34
633,Faulkner,Chinge de Hals,fchingedehalshk@alibaba.com,Polygender,222.71.109.85
634,Bonnee,Benneyworth,bbenneyworthhl@stanford.edu,Male,191.64.7.4
635,Daphne,Doy,ddoyhm@sun.com,Polygender,1.173.241.136
636,Zebedee,Ferryn,zferrynhn@icio.us,Female,2.45.245.58
637,Flossie,Loosley,floosleyho@lycos.com,Male,187.200.174.221
638,Gan,Stocks,gstockshp@amazon.de,Genderqueer,117.135.36.39
639,Sylvia,Urrey,surreyhq@miibeian.gov.cn,Female,27.81.59.236
640,Amabelle,Coldbreath,acoldbreathhr@dailymail.co.uk,Bigender,42.198.243.206
641,Happy,Karchowski,hkarchowskihs@illinois.edu,Female,18.102.6.134
642,Anton,Martinovsky,amartinovskyht@umn.edu,Non-binary,249.91.55.121
643,Xylina,Tomasi,xtomasihu@discovery.com,Non-binary,211.36.18.178
644,Man,Follet,mfollethv@walmart.com,Bigender,159.210.204.56
645,Jeannine,Weson,jwesonhw@time.com,Agender,244.129.242.195
646,Barde,Grimshaw,bgrimshawhx@archive.org,Non-binary,12.216.153.151
647,Dilan,Brim,dbrimhy@cocolog-nifty.com,Non-binary,167.77.140.164
648,Guinevere,Shearman,gshearmanhz@acquirethisname.com,Bigender,31.40.25.55
649,Leslie,Kenrick,lkenricki0@drupal.org,Genderqueer,167.252.78.38
650,Doy,Biasio,dbiasioi1@posterous.com,Female,51.244.195.222
651,Onfroi,Blasing,oblasingi2@chicagotribune.com,Polygender,188.111.155.217
652,Allyn,Segeswoeth,asegeswoethi3@dyndns.org,Agender,23.10.55.112
653,Zorah,Bloys,zbloysi4@salon.com,Male,68.20.231.167
654,Dillon,Galler,dgalleri5@rakuten.co.jp,Agender,123.207.211.1
655,Alexandros,Gionettitti,agionettittii6@senate.gov,Male,240.239.153.166
656,Cathie,Peek,cpeeki7@dailymotion.com,Genderqueer,170.112.67.207
657,Ferris,Duchesne,fduchesnei8@shareasale.com,Male,7.33.21.234
658,Myra,Biasetti,mbiasettii9@free.fr,Genderqueer,144.98.94.93
659,Dionis,Baukham,dbaukhamia@dmoz.org,Agender,44.235.176.190
660,Milka,Albrecht,malbrechtib@dmoz.org,Bigender,28.112.27.62
661,Peyton,Gaenor,pgaenoric@clickbank.net,Female,13.220.155.97
662,Abey,Northedge,anorthedgeid@yellowpages.com,Agender,119.213.84.25
663,Kristopher,Rives,krivesie@linkedin.com,Female,255.204.87.192
664,Ellswerth,Hakking,ehakkingif@disqus.com,Genderqueer,252.11.157.103
665,Arda,Totterdill,atotterdillig@networkadvertising.org,Agender,54.186.66.182
666,Duke,Platt,dplattih@si.edu,Agender,131.207.133.62
667,Amandi,Van Weedenburg,avanweedenburgii@facebook.com,Non-binary,61.17.55.238
668,Francklyn,Sekulla,fsekullaij@forbes.com,Genderqueer,235.12.243.204
669,Townie,Matfield,tmatfieldik@jigsy.com,Genderfluid,193.15.86.212
670,Lona,Clawe,lclaweil@tumblr.com,Non-binary,169.13.208.70
671,Gabriell,De Few,gdefewim@macromedia.com,Polygender,112.136.171.25
672,Jillie,Marns,jmarnsin@bluehost.com,Female,83.110.147.34
673,Melisenda,Juara,mjuaraio@slate.com,Bigender,43.139.221.56
674,Joline,Fishburn,jfishburnip@google.com.br,Bigender,178.130.113.32
675,Harri,Danielczyk,hdanielczykiq@unblog.fr,Polygender,223.56.209.88
676,Torry,Emmitt,temmittir@nasa.gov,Non-binary,251.249.126.93
677,Karie,Jentet,kjentetis@php.net,Male,99.26.53.217
678,Vernice,Kissock,vkissockit@ameblo.jp,Non-binary,211.116.168.124
679,Alvinia,McGeraghty,amcgeraghtyiu@columbia.edu,Male,202.36.119.113
680,Chlo,Kibbee,ckibbeeiv@forbes.com,Genderfluid,211.192.140.3
681,Claribel,Rasp,craspiw@privacy.gov.au,Bigender,169.234.149.158
682,Artus,Van der Kruys,avanderkruysix@sbwire.com,Genderfluid,115.137.191.160
683,Aloisia,Birkby,abirkbyiy@themeforest.net,Polygender,70.240.223.24
684,Martin,Creswell,mcreswelliz@jugem.jp,Male,136.164.209.118
685,Juieta,Corradeschi,jcorradeschij0@psu.edu,Agender,74.174.213.29
686,Rafaelita,Yanez,ryanezj1@sfgate.com,Polygender,162.86.247.135
687,Bidget,Belliveau,bbelliveauj2@youtube.com,Non-binary,75.194.222.151
688,Abran,Spykings,aspykingsj3@washingtonpost.com,Male,240.152.233.79
689,Juliane,Worsom,jworsomj4@spiegel.de,Male,39.190.31.47
690,Maudie,Trevance,mtrevancej5@usa.gov,Male,17.139.93.199
691,Bil,Wedmore,bwedmorej6@w3.org,Genderfluid,94.36.123.27
692,Devonne,Joutapavicius,djoutapaviciusj7@ycombinator.com,Polygender,31.15.183.187
693,Lynde,Faircliff,lfaircliffj8@odnoklassniki.ru,Genderqueer,67.95.91.203
694,Ketty,Penniall,kpenniallj9@pbs.org,Polygender,44.4.164.41
695,Zacharie,Winman,zwinmanja@irs.gov,Polygender,79.153.61.223
696,Koralle,Naulty,knaultyjb@squarespace.com,Male,199.113.198.1
697,Marshal,Furzey,mfurzeyjc@cdc.gov,Agender,168.126.141.187
698,Gloria,Older,golderjd@whitehouse.gov,Polygender,196.98.200.24
699,Rorke,Banghe,rbangheje@mozilla.org,Bigender,80.200.14.23
700,Bax,Curran,bcurranjf@sitemeter.com,Female,155.66.157.29
701,Antoine,Caswall,acaswalljg@comcast.net,Agender,197.234.195.78
702,Murdock,McChruiter,mmcchruiterjh@wunderground.com,Male,152.206.74.91
703,Cassey,Waterstone,cwaterstoneji@who.int,Genderfluid,114.32.7.97
704,Shir,Haszard,shaszardjj@bloglovin.com,Male,239.155.118.253
705,Ric,Owbrick,rowbrickjk@mit.edu,Female,126.68.63.93
706,Jeffrey,Pipe,jpipejl@walmart.com,Genderfluid,105.149.222.218
707,Kacey,Melvin,kmelvinjm@merriam-webster.com,Agender,142.16.175.244
708,Nedda,Eliez,neliezjn@ycombinator.com,Genderqueer,206.78.235.80
709,Abbe,Conerding,aconerdingjo@slashdot.org,Male,119.37.176.41
710,Enoch,Bartolomeotti,ebartolomeottijp@marketwatch.com,Non-binary,200.92.118.127
711,Enrico,Merrgan,emerrganjq@java.com,Polygender,71.141.227.250
712,Madelene,Griston,mgristonjr@si.edu,Genderfluid,108.129.83.113
713,Marguerite,Clay,mclayjs@tinyurl.com,Female,69.125.213.245
714,Rip,Kryszkiecicz,rkryszkieciczjt@constantcontact.com,Genderqueer,227.4.55.75
715,Carce,Ottam,cottamju@fc2.com,Agender,145.214.68.140
716,Nickolai,Smitham,nsmithamjv@zdnet.com,Non-binary,127.57.26.89
717,Reinaldos,Triplow,rtriplowjw@google.nl,Male,162.145.138.240
718,Regan,Whitmell,rwhitmelljx@ow.ly,Female,114.216.125.62
719,Nealy,Scoggin,nscogginjy@alexa.com,Agender,114.147.203.226
720,Jillene,Causer,jcauserjz@paginegialle.it,Genderfluid,125.111.40.184
721,Mariya,MacTurlough,mmacturloughk0@constantcontact.com,Genderqueer,227.40.234.71
722,Judith,Jerschke,jjerschkek1@umich.edu,Male,202.55.202.10
723,Demetri,Dewar,ddewark2@squarespace.com,Genderqueer,121.86.81.17
724,Jake,Bolley,jbolleyk3@ucsd.edu,Non-binary,168.174.90.100
725,Alford,Van Cassel,avancasselk4@wired.com,Polygender,18.252.99.255
726,Cecil,Lievesley,clievesleyk5@toplist.cz,Bigender,127.134.71.42
727,Raine,Willment,rwillmentk6@msu.edu,Genderfluid,90.154.254.138
728,Cherilynn,Kinchlea,ckinchleak7@narod.ru,Male,33.66.177.243
729,Shae,Tenniswood,stenniswoodk8@myspace.com,Non-binary,174.104.170.59
730,Georges,Towersey,gtowerseyk9@fda.gov,Non-binary,30.231.251.90
731,Duffie,Schindler,dschindlerka@narod.ru,Genderqueer,251.200.167.116
732,Danica,Ryton,drytonkb@zimbio.com,Non-binary,141.49.56.4
733,Selia,Everleigh,severleighkc@4shared.com,Bigender,242.51.99.73
734,Kendall,Westrope,kwestropekd@webeden.co.uk,Genderqueer,197.49.219.139
735,Malanie,Teesdale,mteesdaleke@google.com.hk,Non-binary,169.126.65.227
736,Slade,MacAleese,smacaleesekf@earthlink.net,Genderqueer,120.88.41.187
737,Laird,Meere,lmeerekg@fastcompany.com,Genderqueer,92.6.81.166
738,Frants,Sadler,fsadlerkh@smugmug.com,Male,83.15.190.246
739,Woody,Benezet,wbenezetki@shinystat.com,Male,138.183.153.238
740,Merry,Scoullar,mscoullarkj@abc.net.au,Genderfluid,192.146.214.4
741,Antone,Sherston,asherstonkk@latimes.com,Genderfluid,244.159.192.157
742,Elisha,Dachey,edacheykl@imgur.com,Female,67.223.223.10
743,Anatola,Colquyte,acolquytekm@umn.edu,Agender,81.80.118.208
744,Stace,Ruprecht,sruprechtkn@fc2.com,Female,41.71.211.42
745,Kristian,Rides,kridesko@ezinearticles.com,Agender,116.251.169.134
746,Vikki,Machel,vmachelkp@about.me,Non-binary,235.203.22.77
747,Artur,Peachment,apeachmentkq@skyrock.com,Agender,217.217.75.234
748,Geri,Gatiss,ggatisskr@digg.com,Agender,18.253.152.242
749,Elmer,Shemilt,eshemiltks@over-blog.com,Genderfluid,70.168.24.219
750,Gregoor,Mayoh,gmayohkt@phpbb.com,Female,22.60.68.42
751,Carolus,Sodory,csodoryku@rakuten.co.jp,Male,178.150.77.35
752,Donal,Pilcher,dpilcherkv@reddit.com,Female,118.119.14.111
753,Valaria,Scintsbury,vscintsburykw@facebook.com,Bigender,36.152.203.248
754,Millard,Allans,mallanskx@deviantart.com,Female,195.21.249.201
755,Reilly,Alvis,ralvisky@last.fm,Non-binary,108.253.53.201
756,Leonidas,Belshaw,lbelshawkz@cnbc.com,Genderqueer,174.115.243.39
757,Joelynn,Stiggles,jstigglesl0@dell.com,Genderfluid,52.62.88.143
758,Arne,Garnsworthy,agarnsworthyl1@pinterest.com,Female,185.142.106.38
759,Karalee,Hattiff,khattiffl2@goo.ne.jp,Male,155.218.187.31
760,Costanza,Gronav,cgronavl3@accuweather.com,Genderfluid,17.57.104.75
761,Boycie,Duddy,bduddyl4@bizjournals.com,Non-binary,125.245.100.107
762,Corby,Garey,cgareyl5@si.edu,Non-binary,98.230.230.167
763,Arlana,Llorens,allorensl6@gov.uk,Genderfluid,77.55.226.245
764,Monroe,Balshen,mbalshenl7@vkontakte.ru,Agender,213.84.165.19
765,Rupert,Powell,rpowelll8@parallels.com,Male,75.254.138.245
766,Ariel,Winchurch,awinchurchl9@naver.com,Genderqueer,238.41.71.2
767,Wood,Germon,wgermonla@tiny.cc,Polygender,241.131.49.175
768,Gypsy,Kuhn,gkuhnlb@mozilla.com,Bigender,231.132.40.135
769,Viv,Bowry,vbowrylc@state.tx.us,Female,6.211.63.201
770,Micky,Scamaden,mscamadenld@posterous.com,Polygender,193.65.56.120
771,Jeanie,Rehn,jrehnle@facebook.com,Male,156.150.11.44
772,Corinna,Sofe,csofelf@cornell.edu,Genderqueer,187.114.248.57
773,Edna,Hazelgrove,ehazelgrovelg@wiley.com,Polygender,6.168.104.132
774,Reinhold,Goudie,rgoudielh@ihg.com,Genderfluid,5.135.85.35
775,Dulsea,Bacchus,dbacchusli@mail.ru,Agender,18.41.42.141
776,Inness,Deal,ideallj@stanford.edu,Bigender,244.12.73.198
777,Ronni,Kerwick,rkerwicklk@opensource.org,Male,87.186.79.153
778,Levi,Lewknor,llewknorll@goodreads.com,Female,95.30.140.169
779,Marion,Romanetti,mromanettilm@businessweek.com,Genderqueer,160.51.197.83
780,Tamma,Philp,tphilpln@amazonaws.com,Female,177.224.230.28
781,Em,Bolzmann,ebolzmannlo@rediff.com,Agender,133.47.235.120
782,Veronika,Pearton,vpeartonlp@php.net,Genderqueer,52.130.50.138
783,Pip,Maharey,pmahareylq@indiatimes.com,Genderfluid,250.7.186.247
784,Nina,Wearing,nwearinglr@cmu.edu,Bigender,51.93.194.194
785,Laurent,Verzey,lverzeyls@uiuc.edu,Genderfluid,197.59.46.156
786,Auberon,Stuckey,astuckeylt@squidoo.com,Agender,140.202.67.5
787,Floria,Dorr,fdorrlu@phpbb.com,Genderfluid,211.81.74.139
788,Shirline,Sterman,sstermanlv@buzzfeed.com,Agender,143.70.174.251
789,Gwenora,Bruck,gbrucklw@devhub.com,Bigender,115.53.56.221
790,Matilde,Franzettoini,mfranzettoinilx@indiegogo.com,Genderfluid,15.245.30.154
791,Lorene,Haw,lhawly@google.com,Agender,223.214.218.158
792,Kevan,Thrussell,kthrusselllz@boston.com,Polygender,106.51.115.17
793,Jerrie,Kmiec,jkmiecm0@apache.org,Male,70.97.220.150
794,Selig,Haddeston,shaddestonm1@rediff.com,Agender,196.197.162.96
795,Marissa,Buyers,mbuyersm2@xrea.com,Genderfluid,47.206.56.48
796,Jecho,Guerreiro,jguerreirom3@ihg.com,Genderqueer,112.131.180.11
797,Molli,MacEllen,mmacellenm4@cnbc.com,Female,140.52.130.81
798,Rossy,Isakowicz,risakowiczm5@youtube.com,Male,200.191.245.171
799,Carmela,Olivo,colivom6@barnesandnoble.com,Genderfluid,113.75.148.243
800,Keely,Castelletto,kcastellettom7@infoseek.co.jp,Genderfluid,145.50.195.133
801,Cati,Taffe,ctaffem8@icq.com,Female,231.159.197.165
802,Lu,Bonham,lbonhamm9@1688.com,Genderqueer,223.136.161.149
803,Jess,Raitt,jraittma@bandcamp.com,Non-binary,163.220.122.75
804,Ike,Nyssen,inyssenmb@flavors.me,Bigender,142.46.174.185
805,Pen,Caddock,pcaddockmc@tripod.com,Non-binary,237.213.9.201
806,My,Coast,mcoastmd@cmu.edu,Agender,24.55.55.21
807,Elvira,Pash,epashme@rakuten.co.jp,Bigender,170.183.164.30
808,Steward,Worthington,sworthingtonmf@shinystat.com,Male,140.122.247.4
809,Twyla,Lait,tlaitmg@fotki.com,Genderqueer,244.46.87.106
810,Kellyann,Simester,ksimestermh@squidoo.com,Genderfluid,47.190.177.87
811,Elenore,Stronack,estronackmi@biglobe.ne.jp,Agender,239.217.131.203
812,Von,Cardenas,vcardenasmj@infoseek.co.jp,Genderfluid,223.105.78.73
813,Edi,Liggens,eliggensmk@usatoday.com,Genderfluid,8.213.50.6
814,Karolina,Sainsbury-Brown,ksainsburybrownml@bbc.co.uk,Genderqueer,109.92.201.191
815,Raff,Stirgess,rstirgessmm@geocities.com,Bigender,145.205.238.206
816,Jordan,Roggeman,jroggemanmn@ask.com,Genderfluid,216.133.236.59
817,Trip,Sidnell,tsidnellmo@bizjournals.com,Polygender,177.188.233.53
818,Ephrayim,Beney,ebeneymp@sohu.com,Agender,68.196.74.161
819,Marietta,Shipton,mshiptonmq@mtv.com,Genderqueer,202.91.130.9
820,Rossie,Van Saltsberg,rvansaltsbergmr@facebook.com,Agender,6.10.137.208
821,Candy,Bellis,cbellisms@hc360.com,Genderqueer,114.232.223.29
822,Fred,Nussen,fnussenmt@multiply.com,Non-binary,85.73.119.154
823,Joya,Rayne,jraynemu@ucsd.edu,Non-binary,113.19.234.88
824,Emmye,Middas,emiddasmv@qq.com,Bigender,207.133.243.204
825,Shari,Killingback,skillingbackmw@cnn.com,Genderfluid,132.11.45.129
826,Tallulah,Fosher,tfoshermx@amazon.com,Bigender,212.31.25.56
827,Alexandros,Utteridge,autteridgemy@etsy.com,Male,245.92.237.59
828,Sorcha,Reicherz,sreicherzmz@ibm.com,Female,122.158.107.20
829,Lee,Earthfield,learthfieldn0@aboutads.info,Non-binary,67.8.136.35
830,Amandie,Skate,askaten1@google.com.hk,Genderqueer,226.204.51.86
831,Pattie,Bensen,pbensenn2@seattletimes.com,Agender,5.192.172.187
832,Winnah,Extal,wextaln3@elegantthemes.com,Genderfluid,181.126.106.146
833,Aldrich,Yatman,ayatmann4@plala.or.jp,Genderfluid,156.142.82.217
834,Hillary,Lipscombe,hlipscomben5@privacy.gov.au,Polygender,202.107.61.40
835,Bevvy,Espasa,bespasan6@goodreads.com,Genderqueer,96.209.19.105
836,Candide,Morley,cmorleyn7@ucsd.edu,Non-binary,19.19.30.103
837,Susanetta,Carlile,scarlilen8@spotify.com,Genderfluid,71.213.138.34
838,Killy,Drabble,kdrabblen9@g.co,Non-binary,101.109.94.217
839,Rose,Millea,rmilleana@ftc.gov,Genderqueer,186.82.194.46
840,Gabie,Lewington,glewingtonnb@businessinsider.com,Genderqueer,153.37.15.229
841,Isador,Claughton,iclaughtonnc@slashdot.org,Genderqueer,48.80.85.94
842,Garek,Joyson,gjoysonnd@intel.com,Genderfluid,116.37.175.241
843,Yorker,Saunter,ysaunterne@omniture.com,Agender,85.1.104.241
844,Laura,Shevelin,lshevelinnf@cloudflare.com,Genderfluid,65.253.35.244
845,Roman,Jarvis,rjarvisng@disqus.com,Agender,147.39.141.236
846,Kendra,Medford,kmedfordnh@house.gov,Polygender,97.130.75.245
847,Mufinella,Comins,mcominsni@devhub.com,Genderfluid,20.102.215.170
848,Jaquenette,Keatley,jkeatleynj@unicef.org,Male,232.233.242.215
849,Tansy,Walesby,twalesbynk@live.com,Genderfluid,99.167.147.123
850,Anna-diana,Treadgall,atreadgallnl@ucsd.edu,Agender,209.173.22.126
851,Brander,McGing,bmcgingnm@cisco.com,Bigender,121.231.141.14
852,Tannie,Meeks,tmeeksnn@ucsd.edu,Polygender,29.96.145.118
853,Adrianna,Ramsier,aramsierno@tinypic.com,Non-binary,245.114.57.32
854,Berni,Waldie,bwaldienp@zdnet.com,Polygender,246.83.192.67
855,Fabe,Kirman,fkirmannq@digg.com,Polygender,203.204.106.47
856,Bathsheba,Borge,bborgenr@abc.net.au,Genderqueer,209.220.196.50
857,Phillipe,Warden,pwardenns@people.com.cn,Polygender,74.67.22.226
858,Atlanta,Renhard,arenhardnt@umich.edu,Agender,173.253.123.211
859,Silvano,Ayer,sayernu@bluehost.com,Polygender,86.48.158.26
860,Antoine,Stode,astodenv@ezinearticles.com,Genderqueer,39.218.0.154
861,Fanny,Follett,ffollettnw@engadget.com,Non-binary,219.138.179.95
862,Vivianna,Penson,vpensonnx@jiathis.com,Genderqueer,157.205.111.52
863,Allix,Wingeatt,awingeattny@nydailynews.com,Non-binary,143.49.240.69
864,Bambie,Divall,bdivallnz@examiner.com,Genderfluid,163.205.193.44
865,Tamas,Jeroch,tjerocho0@is.gd,Genderfluid,172.82.80.115
866,Dareen,Ludy,dludyo1@ocn.ne.jp,Polygender,255.178.125.233
867,Dorena,Denkel,ddenkelo2@sciencedaily.com,Bigender,152.136.49.146
868,Emile,Revington,erevingtono3@istockphoto.com,Female,15.134.200.36
869,Jae,Gilstoun,jgilstouno4@storify.com,Bigender,147.117.125.162
870,Salomone,Naulls,snaullso5@rambler.ru,Polygender,198.95.199.185
871,Helen,Powers,hpowerso6@biblegateway.com,Bigender,242.103.37.195
872,Gilberto,Wheatland,gwheatlando7@vkontakte.ru,Genderfluid,182.123.108.188
873,Annecorinne,Lody,alodyo8@sciencedaily.com,Male,34.171.191.217
874,Andeee,Weal,awealo9@ftc.gov,Male,181.44.53.51
875,Giulio,Howes,ghowesoa@free.fr,Male,143.219.197.144
876,Robenia,Dow,rdowob@godaddy.com,Female,62.93.235.230
877,Karalee,Greatbanks,kgreatbanksoc@networkadvertising.org,Agender,46.14.7.50
878,Alvin,Baxster,abaxsterod@theatlantic.com,Non-binary,66.71.222.20
879,Merl,O'Kieran,mokieranoe@washington.edu,Bigender,158.123.84.211
880,Walther,Grishelyov,wgrishelyovof@paypal.com,Male,238.246.128.252
881,Sascha,Oldcroft,soldcroftog@newyorker.com,Genderqueer,4.84.46.83
882,Valle,McGarry,vmcgarryoh@plala.or.jp,Non-binary,202.68.17.130
883,Ansley,Snuggs,asnuggsoi@marriott.com,Agender,5.233.199.76
884,Normand,Lambshine,nlambshineoj@youtube.com,Polygender,114.246.101.44
885,Jenni,Graveson,jgravesonok@senate.gov,Polygender,116.197.83.118
886,Sibelle,Exton,sextonol@ovh.net,Female,243.55.196.6
887,Essie,Summerly,esummerlyom@homestead.com,Genderqueer,181.118.160.182
888,Julietta,Bentote,jbentoteon@plala.or.jp,Non-binary,77.90.249.181
889,Sansone,Dirand,sdirandoo@sakura.ne.jp,Genderqueer,57.114.217.123
890,Gratiana,Whitsey,gwhitseyop@jigsy.com,Female,40.144.41.39
891,Dottie,Bunt,dbuntoq@earthlink.net,Female,135.103.95.94
892,Lorne,McDermott-Row,lmcdermottrowor@washington.edu,Female,46.56.128.84
893,George,Mayoh,gmayohos@yolasite.com,Agender,118.152.25.111
894,Benn,Clashe,bclasheot@washington.edu,Male,1.52.202.160
895,Raffaello,Inott,rinottou@lycos.com,Non-binary,132.127.144.18
896,Enrichetta,Tegeller,etegellerov@ox.ac.uk,Male,190.44.28.89
897,Lorens,Tedorenko,ltedorenkoow@hao123.com,Male,227.9.233.24
898,Melony,Jobbins,mjobbinsox@shop-pro.jp,Polygender,253.211.121.220
899,Nolie,Crier,ncrieroy@oaic.gov.au,Male,73.216.119.0
900,Carce,Mabbe,cmabbeoz@amazonaws.com,Genderfluid,203.207.3.229
901,Brad,Sparsholt,bsparsholtp0@elegantthemes.com,Female,130.45.51.185
902,Jayme,Vankov,jvankovp1@sina.com.cn,Bigender,156.174.123.229
903,Salmon,Mallon,smallonp2@meetup.com,Male,84.9.236.21
904,Alyson,Braid,abraidp3@smugmug.com,Genderfluid,2.2.204.27
905,Zelda,Acory,zacoryp4@yelp.com,Genderfluid,19.225.235.202
906,Netta,Stranger,nstrangerp5@mediafire.com,Bigender,122.25.147.216
907,Leonid,Callery,lcalleryp6@cmu.edu,Agender,177.208.100.243
908,Josephine,Beek,jbeekp7@wisc.edu,Genderfluid,242.105.115.224
909,Aurelie,Gregon,agregonp8@jugem.jp,Male,174.26.135.39
910,Raquel,Haggas,rhaggasp9@wikia.com,Genderfluid,255.167.1.101
911,Nadeen,Baseley,nbaseleypa@sohu.com,Agender,46.189.74.31
912,Rafaello,Brinson,rbrinsonpb@unblog.fr,Female,89.243.167.221
913,Chelsy,Dearell,cdearellpc@hhs.gov,Polygender,255.224.74.240
914,Selene,Brandone,sbrandonepd@de.vu,Genderfluid,210.125.216.76
915,Marcille,Duding,mdudingpe@linkedin.com,Female,237.174.80.77
916,Alyssa,Hodgins,ahodginspf@surveymonkey.com,Bigender,233.138.75.177
917,Hobie,Mahon,hmahonpg@exblog.jp,Genderfluid,89.188.197.122
918,Eadmund,Torrese,etorreseph@de.vu,Non-binary,107.183.241.253
919,Kimbell,Screas,kscreaspi@springer.com,Polygender,187.128.58.167
920,Jarred,Flux,jfluxpj@freewebs.com,Agender,104.155.11.252
921,Vernor,Rustich,vrustichpk@i2i.jp,Non-binary,161.176.48.59
922,Mallorie,Vaughton,mvaughtonpl@histats.com,Non-binary,53.103.25.25
923,Killy,McBoyle,kmcboylepm@mozilla.org,Bigender,185.167.59.248
924,Jannel,Cornilleau,jcornilleaupn@cafepress.com,Bigender,196.54.99.159
925,Nicole,Deport,ndeportpo@blinklist.com,Polygender,41.128.145.61
926,Regine,Sellar,rsellarpp@mayoclinic.com,Male,121.25.94.62
927,Livvyy,Lindmark,llindmarkpq@ibm.com,Agender,106.229.152.150
928,Krystalle,Bengough,kbengoughpr@time.com,Polygender,131.223.168.208
929,Loralee,Handscomb,lhandscombps@biglobe.ne.jp,Polygender,87.106.19.12
930,Miller,Jaray,mjaraypt@cdc.gov,Genderfluid,205.77.158.123
931,Jinny,McQuorkell,jmcquorkellpu@illinois.edu,Agender,88.37.9.25
932,Leyla,Harken,lharkenpv@usda.gov,Polygender,68.93.219.76
933,Daphene,Leupold,dleupoldpw@vk.com,Female,88.32.171.32
934,Myrlene,Cutajar,mcutajarpx@cbc.ca,Bigender,1.14.230.47
935,Bryan,Narbett,bnarbettpy@buzzfeed.com,Male,85.142.173.248
936,Richart,Perrin,rperrinpz@dyndns.org,Bigender,173.209.181.248
937,Marena,Greendale,mgreendaleq0@blinklist.com,Non-binary,74.206.55.100
938,Chloris,Delph,cdelphq1@woothemes.com,Genderfluid,202.107.233.231
939,Ronnica,Micklewicz,rmicklewiczq2@illinois.edu,Genderqueer,170.80.55.39
940,Selle,Lante,slanteq3@noaa.gov,Genderfluid,153.95.116.139
941,Mildred,Barlas,mbarlasq4@shareasale.com,Genderqueer,102.227.32.114
942,Viole,Oakly,voaklyq5@icio.us,Agender,134.123.24.31
943,Tally,McElwee,tmcelweeq6@seesaa.net,Agender,2.28.111.177
944,Addia,Marskell,amarskellq7@bluehost.com,Polygender,36.87.55.183
945,Annaliese,Griffithe,agriffitheq8@discovery.com,Agender,15.183.165.121
946,Robin,Jarley,rjarleyq9@blogtalkradio.com,Male,14.85.29.84
947,Franklin,Veryard,fveryardqa@yahoo.com,Non-binary,228.243.102.179
948,Ilyssa,Soames,isoamesqb@pen.io,Bigender,207.174.167.120
949,Adelbert,Nestoruk,anestorukqc@intel.com,Genderfluid,214.49.47.8
950,Maressa,Chappel,mchappelqd@amazon.co.uk,Polygender,9.11.50.235
951,Berkley,Rumgay,brumgayqe@ycombinator.com,Female,170.132.160.146
952,Ardeen,Boost,aboostqf@over-blog.com,Genderqueer,231.51.61.167
953,Annelise,Malzard,amalzardqg@yale.edu,Agender,206.236.62.232
954,Giorgi,O'Hartnedy,gohartnedyqh@cafepress.com,Genderfluid,95.55.33.148
955,Andriana,Zupo,azupoqi@ning.com,Bigender,149.121.254.84
956,Ellis,Eborall,eeborallqj@ebay.co.uk,Male,13.146.81.51
957,Mattie,Stag,mstagqk@bbb.org,Bigender,83.227.57.43
958,Laure,Ebbage,lebbageql@pbs.org,Female,54.148.237.175
959,Wrennie,Lynch,wlynchqm@wufoo.com,Non-binary,143.56.222.122
960,Phip,Penhalewick,ppenhalewickqn@apple.com,Genderqueer,37.128.60.137
961,Courtenay,Aloigi,caloigiqo@tinypic.com,Bigender,21.113.135.50
962,Darill,Harpur,dharpurqp@nhs.uk,Female,133.250.193.225
963,Lauritz,Gudd,lguddqq@mayoclinic.com,Genderfluid,35.24.26.82
964,Trescha,Pumphrey,tpumphreyqr@bing.com,Polygender,116.96.159.165
965,Piggy,Skivington,pskivingtonqs@typepad.com,Male,139.56.66.164
966,Moria,Smorfit,msmorfitqt@pbs.org,Male,210.132.136.100
967,Tristan,Barchrameev,tbarchrameevqu@meetup.com,Male,116.138.228.104
968,Gustavus,Butten,gbuttenqv@nih.gov,Female,255.214.156.47
969,Madge,Dingwall,mdingwallqw@amazon.de,Non-binary,238.79.166.178
970,Katharine,Peirson,kpeirsonqx@squarespace.com,Female,66.201.36.216
971,Gabi,Degli Abbati,gdegliabbatiqy@t-online.de,Bigender,80.248.161.82
972,Delila,Philipeau,dphilipeauqz@bluehost.com,Male,160.8.139.219
973,Talyah,Castro,tcastror0@techcrunch.com,Polygender,148.122.150.117
974,Bruis,Deville,bdeviller1@whitehouse.gov,Male,207.235.210.178
975,Melicent,Delete,mdeleter2@networksolutions.com,Female,159.88.214.37
976,Cammy,Smalecombe,csmalecomber3@webmd.com,Bigender,138.189.10.39
977,Elisha,Simononsky,esimononskyr4@photobucket.com,Polygender,160.7.244.228
978,Vere,Mithan,vmithanr5@amazon.co.uk,Male,3.172.177.22
979,Nicolai,Oldam,noldamr6@behance.net,Polygender,181.68.92.179
980,Gabie,Couthard,gcouthardr7@lycos.com,Male,17.30.172.255
981,Willey,Mordey,wmordeyr8@globo.com,Male,163.166.16.88
982,Bernardine,Kersting,bkerstingr9@xing.com,Male,205.252.24.219
983,Ab,Reston,arestonra@miibeian.gov.cn,Agender,185.242.235.138
984,Deanna,Gutowski,dgutowskirb@usda.gov,Agender,70.1.3.213
985,Josefa,Shimwell,jshimwellrc@nhs.uk,Polygender,20.43.2.40
986,Kirsti,Kingscote,kkingscoterd@infoseek.co.jp,Female,20.252.22.124
987,Cliff,Eggleston,cegglestonre@nature.com,Agender,201.96.251.70
988,Enrica,Chazotte,echazotterf@netscape.com,Agender,249.111.85.20
989,Karmen,Lindback,klindbackrg@live.com,Agender,158.147.16.65
990,Harwell,Patemore,hpatemorerh@cyberchimps.com,Bigender,31.134.253.101
991,Marlyn,Gellibrand,mgellibrandri@miitbeian.gov.cn,Agender,185.162.92.45
992,Trudey,Hews,thewsrj@posterous.com,Polygender,223.105.141.126
993,Linn,Jacketts,ljackettsrk@fc2.com,Genderfluid,221.191.234.120
994,Aili,Sweett,asweettrl@rediff.com,Female,212.139.96.139
995,Zacharia,MacCrann,zmaccrannrm@europa.eu,Non-binary,89.250.254.34
996,Rutledge,MacDirmid,rmacdirmidrn@oaic.gov.au,Agender,200.0.124.62
997,Rodolphe,Piburn,rpiburnro@nifty.com,Non-binary,48.247.60.106
998,Cami,Scott,cscottrp@blogtalkradio.com,Agender,94.148.137.53
999,Russ,Kisting,rkistingrq@nba.com,Agender,15.251.198.163
1000,Welch,Stampe,wstamperr@howstuffworks.com,Female,87.76.149.186
